{"train_cls_loss": 4.608160529732704, "train_exp_loss": 9.615373423807323, "train_loss": 52.68502764876932, "epoch": 2, "_timestamp": 1654598738, "_runtime": 2318, "_step": 1}