{"train_cls_loss": 0.2475308516435325, "train_exp_loss": 4.569334931174526, "train_loss": 23.09420550751616, "epoch": 9, "_timestamp": 1654608782, "_runtime": 8447, "_step": 7, "iou_scores": [{"threshold": 0.5, "micro": {"p": 0.15780445969125215, "r": 0.17803580067731012, "f1": 0.16731075244373722}, "macro": {"p": 0.16416197890496617, "r": 0.1908608192794833, "f1": 0.17650748035659808}}], "rationale_prf": {"instance_micro": {"p": 0.0137221269296741, "r": 0.015481373971940009, "f1": 0.014548761082064104}, "instance_macro": {"p": 0.014094704386527277, "r": 0.015402061934292052, "f1": 0.013767321077462712}}, "token_prf": {"instance_micro": {"p": 0.6671537926235213, "r": 0.20002921048239025, "f1": 0.3077787408905583}, "instance_macro": {"p": 0.6427168820174631, "r": 0.25226642155899137, "f1": 0.3245951241072369}}, "token_soft_metrics": {"auprc": 0.4724285096433837, "average_precision": 0.49477441265502303, "roc_auc_score": 0.554821440691402}, "classification_scores": {"accuracy": 0.5025125628140703, "prf": {"NEG": {"precision": 0.5025125628140703, "recall": 1.0, "f1-score": 0.6688963210702341, "support": 100}, "POS": {"precision": 0.0, "recall": 0.0, "f1-score": 0.0, "support": 99}, "micro avg": {"precision": 0.5025125628140703, "recall": 0.5025125628140703, "f1-score": 0.5025125628140703, "support": 199}, "macro avg": {"precision": 0.25125628140703515, "recall": 0.5, "f1-score": 0.33444816053511706, "support": 199}, "weighted avg": {"precision": 0.252518875785965, "recall": 0.5025125628140703, "f1-score": 0.3361288045579066, "support": 199}}, "comprehensiveness": null, "sufficiency": null, "comprehensiveness_entropy": null, "comprehensiveness_kl": null, "sufficiency_entropy": null, "sufficiency_kl": null, "aopc_thresholds": null, "comprehensiveness_aopc": null, "comprehensiveness_aopc_points": null, "sufficiency_aopc": null, "sufficiency_aopc_points": null}, "_wandb": {"runtime": 8448}}