{"train_loss": 0.8978717239426651, "train_f1": {"NEG": {"precision": 0.8411513859275054, "recall": 1.0, "f1-score": 0.9137232194557036, "support": 789}, "POS": {"precision": 0.0, "recall": 0.0, "f1-score": 0.0, "support": 149}, "micro avg": {"precision": 0.8411513859275054, "recall": 0.8411513859275054, "f1-score": 0.8411513859275054, "support": 938}, "macro avg": {"precision": 0.4205756929637527, "recall": 0.5, "f1-score": 0.4568616097278518, "support": 938}, "weighted avg": {"precision": 0.7075356540477631, "recall": 0.8411513859275054, "f1-score": 0.7685795523993071, "support": 938}}, "train_acc": 0.8411513859275054, "val_loss": 2.0890211248397828, "val_f1": {"NEG": {"precision": 0.5, "recall": 1.0, "f1-score": 0.6666666666666666, "support": 100}, "POS": {"precision": 0.0, "recall": 0.0, "f1-score": 0.0, "support": 100}, "micro avg": {"precision": 0.5, "recall": 0.5, "f1-score": 0.5, "support": 200}, "macro avg": {"precision": 0.25, "recall": 0.5, "f1-score": 0.3333333333333333, "support": 200}, "weighted avg": {"precision": 0.25, "recall": 0.5, "f1-score": 0.33333333333333326, "support": 200}}, "val_acc": 0.5, "epoch": 0, "_timestamp": 1654228554, "_runtime": 1472, "_step": 1, "iou_scores": [{"threshold": 0.5, "micro": {"p": 0.08446076536528797, "r": 0.21141751330430575, "f1": 0.12070156055793398}, "macro": {"p": 0.08665691276709905, "r": 0.2306736172614608, "f1": 0.12598512678183563}}], "rationale_prf": {"instance_micro": {"p": 0.008697332817935832, "r": 0.02177068214804064, "f1": 0.012429222483082446}, "instance_macro": {"p": 0.009596453042770164, "r": 0.02473074396166021, "f1": 0.013039149033213798}}, "token_prf": {"instance_micro": {"p": 0.5108829732203255, "r": 0.26788098814889, "f1": 0.3514693603799669}, "instance_macro": {"p": 0.4988687455246551, "r": 0.33133648790466025, "f1": 0.3578537319342795}}, "token_soft_metrics": {"auprc": 0.4328127216830879, "average_precision": 0.45585189666107384, "roc_auc_score": 0.5423156493544204}, "classification_scores": {"accuracy": 0.5025125628140703, "prf": {"POS": {"precision": 0.0, "recall": 0.0, "f1-score": 0.0, "support": 99}, "NEG": {"precision": 0.5025125628140703, "recall": 1.0, "f1-score": 0.6688963210702341, "support": 100}, "micro avg": {"precision": 0.5025125628140703, "recall": 0.5025125628140703, "f1-score": 0.5025125628140703, "support": 199}, "macro avg": {"precision": 0.25125628140703515, "recall": 0.5, "f1-score": 0.33444816053511706, "support": 199}, "weighted avg": {"precision": 0.252518875785965, "recall": 0.5025125628140703, "f1-score": 0.3361288045579066, "support": 199}}, "comprehensiveness": null, "sufficiency": null, "comprehensiveness_entropy": null, "comprehensiveness_kl": null, "sufficiency_entropy": null, "sufficiency_kl": null, "aopc_thresholds": null, "comprehensiveness_aopc": null, "comprehensiveness_aopc_points": null, "sufficiency_aopc": null, "sufficiency_aopc_points": null}, "_wandb": {"runtime": 1474}}