{"iou_scores": [{"threshold": 0.5, "micro": {"p": 0.08541341653666147, "r": 0.21190130624092887, "f1": 0.12175121612230716}, "macro": {"p": 0.08848248784151092, "r": 0.23371576314485457, "f1": 0.12836663208149537}}], "rationale_prf": {"instance_micro": {"p": 0.008970358814352574, "r": 0.022254475084663765, "f1": 0.012786657400972897}, "instance_macro": {"p": 0.010177770475980062, "r": 0.02544263675898014, "f1": 0.013625056568978736}}, "token_prf": {"instance_micro": {"p": 0.5115982463132722, "r": 0.26781839425805376, "f1": 0.3515845407981594}, "instance_macro": {"p": 0.49931775040832277, "r": 0.3313571478947694, "f1": 0.3577635237279819}}, "token_soft_metrics": {"auprc": 0.4335714643055207, "average_precision": 0.4564384315936093, "roc_auc_score": 0.5423224944455824}, "classification_scores": {"accuracy": 0.5025125628140703, "prf": {"NEG": {"precision": 0.5025125628140703, "recall": 1.0, "f1-score": 0.6688963210702341, "support": 100}, "POS": {"precision": 0.0, "recall": 0.0, "f1-score": 0.0, "support": 99}, "micro avg": {"precision": 0.5025125628140703, "recall": 0.5025125628140703, "f1-score": 0.5025125628140703, "support": 199}, "macro avg": {"precision": 0.25125628140703515, "recall": 0.5, "f1-score": 0.33444816053511706, "support": 199}, "weighted avg": {"precision": 0.252518875785965, "recall": 0.5025125628140703, "f1-score": 0.3361288045579066, "support": 199}}, "comprehensiveness": null, "sufficiency": null, "comprehensiveness_entropy": null, "comprehensiveness_kl": null, "sufficiency_entropy": null, "sufficiency_kl": null, "aopc_thresholds": null, "comprehensiveness_aopc": null, "comprehensiveness_aopc_points": null, "sufficiency_aopc": null, "sufficiency_aopc_points": null}, "_timestamp": 1654582351, "_runtime": 571, "_step": 0, "_wandb": {"runtime": 572}}