{"train_cls_loss": 2.3852736911824475, "train_exp_loss": 0.2959957771919881, "train_loss": 8.30518923502221, "epoch": 4, "_timestamp": 1658924670, "_runtime": 4771, "_step": 0}