{"train_cls_loss": 5.628352357052297, "train_exp_loss": 4.416699494108106, "train_loss": 93.96234223921442, "epoch": 0, "_timestamp": 1658760531, "_runtime": 2464, "_step": 0, "_wandb": {"runtime": 2625}}