{"train_cls_loss": 2.7856664882499116, "train_exp_loss": 2.1327281450168676, "train_loss": 45.44022938858726, "epoch": 0, "_timestamp": 1658302946, "_runtime": 4768, "_step": 0}