{"train_cls_loss": 2.4761402947399094, "train_exp_loss": 0.45162600760328026, "train_loss": 11.508660446805516, "epoch": 3, "_timestamp": 1658915452, "_runtime": 19447, "_step": 3}