{"train_cls_loss": 5.649800860215122, "train_exp_loss": 8.993995291276397, "train_loss": 185.52970668574307, "epoch": 9, "_timestamp": 1658973157, "_runtime": 47468, "_step": 9, "_wandb": {"runtime": 47733}}