{"iou_scores": [{"threshold": 0.5, "micro": {"p": 0.15721649484536082, "r": 0.17706821480406387, "f1": 0.16655290102389078}, "macro": {"p": 0.16011561691243326, "r": 0.19244369972875452, "f1": 0.17479748937873243}}], "rationale_prf": {"instance_micro": {"p": 0.013745704467353952, "r": 0.015481373971940009, "f1": 0.014562002275312855}, "instance_macro": {"p": 0.014616838015370925, "r": 0.016167795363342063, "f1": 0.014330049060963227}}, "token_prf": {"instance_micro": {"p": 0.6673147698076523, "r": 0.20050909697880154, "f1": 0.3083636830367887}, "instance_macro": {"p": 0.6423918010549133, "r": 0.25263560969056426, "f1": 0.32493773800445114}}, "token_soft_metrics": {"auprc": 0.4729646916516808, "average_precision": 0.49535601532740664, "roc_auc_score": 0.5556890779708119}, "classification_scores": {"accuracy": 0.5025125628140703, "prf": {"NEG": {"precision": 0.5025125628140703, "recall": 1.0, "f1-score": 0.6688963210702341, "support": 100}, "POS": {"precision": 0.0, "recall": 0.0, "f1-score": 0.0, "support": 99}, "micro avg": {"precision": 0.5025125628140703, "recall": 0.5025125628140703, "f1-score": 0.5025125628140703, "support": 199}, "macro avg": {"precision": 0.25125628140703515, "recall": 0.5, "f1-score": 0.33444816053511706, "support": 199}, "weighted avg": {"precision": 0.252518875785965, "recall": 0.5025125628140703, "f1-score": 0.3361288045579066, "support": 199}}, "comprehensiveness": null, "sufficiency": null, "comprehensiveness_entropy": null, "comprehensiveness_kl": null, "sufficiency_entropy": null, "sufficiency_kl": null, "aopc_thresholds": null, "comprehensiveness_aopc": null, "comprehensiveness_aopc_points": null, "sufficiency_aopc": null, "sufficiency_aopc_points": null}, "_timestamp": 1654664291, "_runtime": 593, "_step": 0, "_wandb": {"runtime": 594}}