{"train_cls_loss": 1.688482751969692, "train_exp_loss": 0.1251643047159963, "train_loss": 1.3665782366141366, "epoch": 5, "_timestamp": 1658383935, "_runtime": 79353, "_step": 15, "train_f1": {"False": {"precision": 0.0, "recall": 0.0, "f1-score": 0.0, "support": 8743}, "True": {"precision": 0.5757884522076662, "recall": 1.0, "f1-score": 0.7307941004403116, "support": 11867}, "micro avg": {"precision": 0.5757884522076662, "recall": 0.5757884522076662, "f1-score": 0.5757884522076662, "support": 20610}, "macro avg": {"precision": 0.2878942261038331, "recall": 0.5, "f1-score": 0.3653970502201558, "support": 20610}, "weighted avg": {"precision": 0.33153234169569984, "recall": 0.5757884522076662, "f1-score": 0.42078280397502077, "support": 20610}}, "train_acc": 0.5757884522076662, "val_loss": 1.3772380200690488, "val_f1": {"False": {"precision": 0.0, "recall": 0.0, "f1-score": 0.0, "support": 1452}, "True": {"precision": 0.5482265090230243, "recall": 1.0, "f1-score": 0.7081993569131833, "support": 1762}, "micro avg": {"precision": 0.5482265090230243, "recall": 0.5482265090230243, "f1-score": 0.5482265090230243, "support": 3214}, "macro avg": {"precision": 0.27411325451151214, "recall": 0.5, "f1-score": 0.3540996784565916, "support": 3214}, "weighted avg": {"precision": 0.30055230519557213, "recall": 0.5482265090230243, "f1-score": 0.38825366113286525, "support": 3214}}, "val_acc": 0.5482265090230243, "iou_scores": [{"threshold": 0.5, "micro": {"p": 0.3774897550748118, "r": 0.35096579833421937, "f1": 0.36374489186831355}, "macro": {"p": 0.4903530800653321, "r": 0.3618502475247513, "f1": 0.4164132611355209}}], "rationale_prf": {"instance_micro": {"p": 0.147050414562089, "r": 0.13671805777068935, "f1": 0.14169612929886588}, "instance_macro": {"p": 0.13683346757294787, "r": 0.13799504950495062, "f1": 0.1309046426620677}}, "token_prf": {"instance_micro": {"p": 0.6111723375212198, "r": 0.6529468143998546, "f1": 0.6313693297460757}, "instance_macro": {"p": 0.6318598790034321, "r": 0.6813326907794779, "f1": 0.6348602302817884}}, "token_soft_metrics": {"auprc": 0.7080118054420045, "average_precision": 0.7108226109110859, "roc_auc_score": 0.86670020187286}, "classification_scores": {"accuracy": 0.5719884488448845, "prf": {"True": {"precision": 0.0, "recall": 0.0, "f1-score": 0.0, "support": 2075}, "False": {"precision": 0.5719884488448845, "recall": 1.0, "f1-score": 0.7277260202073219, "support": 2773}, "micro avg": {"precision": 0.5719884488448845, "recall": 0.5719884488448845, "f1-score": 0.5719884488448845, "support": 4848}, "macro avg": {"precision": 0.28599422442244227, "recall": 0.5, "f1-score": 0.36386301010366096, "support": 4848}, "weighted avg": {"precision": 0.32717078561197704, "recall": 0.5719884488448845, "f1-score": 0.4162508774824471, "support": 4848}}, "comprehensiveness": null, "sufficiency": null, "comprehensiveness_entropy": null, "comprehensiveness_kl": null, "sufficiency_entropy": null, "sufficiency_kl": null, "aopc_thresholds": null, "comprehensiveness_aopc": null, "comprehensiveness_aopc_points": null, "sufficiency_aopc": null, "sufficiency_aopc_points": null}, "_wandb": {"runtime": 79355}}