{"iou_scores": [{"threshold": 0.5, "micro": {"p": 0.08446076536528797, "r": 0.21141751330430575, "f1": 0.12070156055793398}, "macro": {"p": 0.08665691276709905, "r": 0.2306736172614608, "f1": 0.12598512678183563}}], "rationale_prf": {"instance_micro": {"p": 0.008697332817935832, "r": 0.02177068214804064, "f1": 0.012429222483082446}, "instance_macro": {"p": 0.009596453042770162, "r": 0.024730743961660206, "f1": 0.013039149033213798}}, "token_prf": {"instance_micro": {"p": 0.5108829732203255, "r": 0.26788098814889, "f1": 0.3514693603799669}, "instance_macro": {"p": 0.4988687455246555, "r": 0.3313364879046603, "f1": 0.3578537319342795}}, "token_soft_metrics": {"auprc": 0.4328127216830879, "average_precision": 0.45585189666107384, "roc_auc_score": 0.5423156493544204}, "classification_scores": {"accuracy": 0.5025125628140703, "prf": {"NEG": {"precision": 0.5025125628140703, "recall": 1.0, "f1-score": 0.6688963210702341, "support": 100}, "POS": {"precision": 0.0, "recall": 0.0, "f1-score": 0.0, "support": 99}, "micro avg": {"precision": 0.5025125628140703, "recall": 0.5025125628140703, "f1-score": 0.5025125628140703, "support": 199}, "macro avg": {"precision": 0.25125628140703515, "recall": 0.5, "f1-score": 0.33444816053511706, "support": 199}, "weighted avg": {"precision": 0.252518875785965, "recall": 0.5025125628140703, "f1-score": 0.3361288045579066, "support": 199}}, "comprehensiveness": null, "sufficiency": null, "comprehensiveness_entropy": null, "comprehensiveness_kl": null, "sufficiency_entropy": null, "sufficiency_kl": null, "aopc_thresholds": null, "comprehensiveness_aopc": null, "comprehensiveness_aopc_points": null, "sufficiency_aopc": null, "sufficiency_aopc_points": null}, "_timestamp": 1654340906, "_runtime": 719, "_step": 0, "_wandb": {"runtime": 721}}