{"train_cls_loss": 6.939338153600692, "train_exp_loss": 9.205502730468288, "train_loss": 52.966851805942134, "epoch": 0, "_timestamp": 1654226158, "_runtime": 1143, "_step": 0, "_wandb": {"runtime": 1654}}