{"train_cls_loss": 2.035757108693186, "train_exp_loss": 0.16424479994626423, "train_loss": 5.320653107618471, "epoch": 7, "_timestamp": 1658846396, "_runtime": 34148, "_step": 6}