{"train_cls_loss": 0.3207911945041269, "train_exp_loss": 4.54924677539384, "train_loss": 0.08219222416523926, "epoch": 7, "_timestamp": 1654689986, "_runtime": 25531, "_step": 18, "train_f1": {"NEG": {"precision": 0.991304347826087, "recall": 1.0, "f1-score": 0.9956331877729258, "support": 798}, "POS": {"precision": 1.0, "recall": 0.9912390488110138, "f1-score": 0.9956002514142049, "support": 799}, "micro avg": {"precision": 0.9956167814652473, "recall": 0.9956167814652473, "f1-score": 0.9956167814652473, "support": 1597}, "macro avg": {"precision": 0.9956521739130435, "recall": 0.9956195244055068, "f1-score": 0.9956167195935653, "support": 1597}, "weighted avg": {"precision": 0.9956548964090278, "recall": 0.9956167814652473, "f1-score": 0.9956167092816183, "support": 1597}}, "train_acc": 0.9956167814652473, "val_loss": 1.3453082755580545, "val_f1": {"NEG": {"precision": 0.8070175438596491, "recall": 0.92, "f1-score": 0.8598130841121495, "support": 100}, "POS": {"precision": 0.9069767441860465, "recall": 0.78, "f1-score": 0.8387096774193548, "support": 100}, "micro avg": {"precision": 0.85, "recall": 0.85, "f1-score": 0.85, "support": 200}, "macro avg": {"precision": 0.8569971440228478, "recall": 0.8500000000000001, "f1-score": 0.8492613807657521, "support": 200}, "weighted avg": {"precision": 0.8569971440228477, "recall": 0.85, "f1-score": 0.8492613807657521, "support": 200}}, "val_acc": 0.85, "iou_scores": [{"threshold": 0.5, "micro": {"p": 0.16616702355460386, "r": 0.1877116594097726, "f1": 0.17628350749659247}, "macro": {"p": 0.17682554623312918, "r": 0.2038279687251461, "f1": 0.18936902191150826}}], "rationale_prf": {"instance_micro": {"p": 0.014989293361884369, "r": 0.016932752781809387, "f1": 0.015901862789641074}, "instance_macro": {"p": 0.01586854010874267, "r": 0.02034047578107823, "f1": 0.01605354383847314}}, "token_prf": {"instance_micro": {"p": 0.6628322094406981, "r": 0.20918878317476214, "f1": 0.3180131316014844}, "instance_macro": {"p": 0.6347489270890463, "r": 0.2624891727938427, "f1": 0.3349925918850044}}, "token_soft_metrics": {"auprc": 0.4729962390137458, "average_precision": 0.49544752100802497, "roc_auc_score": 0.5535038746381162}, "classification_scores": {"accuracy": 0.8944723618090452, "prf": {"NEG": {"precision": 0.8623853211009175, "recall": 0.94, "f1-score": 0.8995215311004784, "support": 100}, "POS": {"precision": 0.9333333333333333, "recall": 0.8484848484848485, "f1-score": 0.888888888888889, "support": 99}, "micro avg": {"precision": 0.8944723618090452, "recall": 0.8944723618090452, "f1-score": 0.8944723618090452, "support": 199}, "macro avg": {"precision": 0.8978593272171254, "recall": 0.8942424242424243, "f1-score": 0.8942052099946837, "support": 199}, "weighted avg": {"precision": 0.8976810658798582, "recall": 0.8944723618090452, "f1-score": 0.8942319251761198, "support": 199}}, "comprehensiveness": null, "sufficiency": null, "comprehensiveness_entropy": null, "comprehensiveness_kl": null, "sufficiency_entropy": null, "sufficiency_kl": null, "aopc_thresholds": null, "comprehensiveness_aopc": null, "comprehensiveness_aopc_points": null, "sufficiency_aopc": null, "sufficiency_aopc_points": null}, "_wandb": {"runtime": 25532}}