{"train_cls_loss": 2.786960830224973, "train_exp_loss": 2.0731987451139924, "train_loss": 44.250935732504814, "epoch": 1, "_timestamp": 1658986847, "_runtime": 5586, "_step": 1}